[
("ICL", ["Imperial Coll London", "Univ Oxford", "Univ Augsburg", "Univ Pisa", "Univ Southampton", "CEA", "SBA Res", "Natl Univ Singapore", "Shahjalal Univ Sci & Technol", "Hong Kong Polytech Univ", "NEC Labs Europe", "Aarhus Univ", "Univ Cagliari", "Imperial Coll", "Univ Plymouth", "Univ Surrey", "Easy Global Market", "Telbios Srl", "Ecole Polytech Fed Lausanne", "ConsenSys Hlth", "King Saud Univ", "Apricity", "La Trobe Univ", "IIT", "Colorado Ctr Reprod Med", "Univ Oslo", "Tongji Univ"]), 
("KTH", ["Royal Inst Technol", "Royal Inst Technol KTH", "Atlas Copco Ind Tech AB", "KTH Royal Inst Technol", "Lulea Univ Technol", "Univ Lisbon", "IT Univ Copenhagen", "Univ Boras", "Tech Univ Denmark"]), 
("LoyolaM", ["Loyola Marymount Univ"]), 
("POSTECH", ["POSTECH", "Pohang Univ Sci & Technol", "Univ Wurzburg", "Dongseo Univ", "Sejong Univ"]), 
("PSL", ["Ecole Normale Super", "PSL Univ", "Be Studys", "Univ Rennes", "Univ Paris 09", "INRIA", "Univ Tokyo", "Univ Clermont Auvergne", "DFINITY", "Cnam", "ENS", "Univ Tunis El Manar"]), 
("UCSB", ["Univ Calif Santa Barbara", "UC Santa Barbara", "Tsinghua Univ", "Univ Texas Austin", "Scuola Normale Super"]), 
("UCSF", ["Univ Calif San Francisco", "INESC"]), 
("UIUC", ["Univ Illinois", "Univ Illinois Urbana Champaign UIUC", "Kyungpook Natl Univ", "IBM Res", "Feng Chia Univ", "Microsoft Res", "Cornell Tech", "Tsinghua Univ", "Carnegie Mellon Univ", "Univ Southern Calif", "Univ Calif Berkeley", "MIT", "Zhejiang Univ", "Univ Autonoma Barcelona", "Univ Prince Mugrin", "PISA Res", "Stanford Univ", "Lakehead Univ", "UMBC", "Shanghai Jiao Tong Univ"]), 
("UNC", ["Univ N Carolina", "Cornell Univ", "TUNL", "Yale NUS Coll", "Western Univ", "Chulalongkorn Univ", "Univ Minnesota"]), 
("aarhus", ["Aarhus Univ", "Friedrich Alexander Univ Erlangen Nurnberg", "Univ Salerno", "Univ Mississippi", "Stevens Inst Technol", "Indian Inst Sci", "IT Univ Copenhagen", "Simula UiB", "IDC Herzliya", "COMSATS Univ Islamabad", "Univ North Texas"]), 
("adelaide", ["Univ Adelaide", "Royal Australasian Coll Surg", "Univ Navarra", "North Carolina State Univ", "Univ Auckland"]), 
("amsterdam", ["Univ Amsterdam", "Media Distillery", "Natl Univ Def Technol", "Univ Fed Fluminense", "Vrije Univ", "Univ Fed Fluminense UFF", "FPT Univ", "CWI", "IMT Sch Adv Stud Lucca", "BitYoga", "Univ Duisburg Essen", "IMT Sch Adv Studies Lucca", "Kings Coll London"]), 
("arizona", ["Univ Arizona", "Univ Alicante", "Purdue Univ"]), 
("asu", ["Arizona State Univ", "Beihang Univ", "Tianjin Univ Finance & Econ", "Khalifa Univ", "Univ Georgia", "Peking Univ", "Tsinghua Univ", "Colorado Sch Mines", "Univ Wollongong", "Sunway Univ", "Nanyang Technol Univ", "North Carolina State Univ", "Chongqing Univ Posts & Telecommun", "Beijing Normal Univ", "Korea Univ", "Tongji Univ"]), 
("auckland", ["Univ Auckland", "Beijing Inst Technol", "Univ Waikato", "Mae Fah Luang Univ", "Hunan Univ", "Hefei Univ Technol", "North China Elect Power Univ", "Nanjing Audit Univ", "Univ Munster", "Nanjing Univ Informat Sci & Technol", "Nanjing Univ Sci & Technol", "Univ Roma La Sapienza", "Univ Sheffield"]), 
("ausNational", ["Australian Natl Univ", "RMIT Univ", "Brunel Univ London", "Curtin Univ Malaysia", "Univ Sunshine Coast", "Capital Univ Econ & Business", "Innopolis Univ", "Sichuan Univ"]), 
("barcelona", ["Univ Barcelona", "Oregon State Univ", "Tech Univ Denmark"]), 
("basel", ["Univ Basel"]), 
("berkeley", ["Univ Calif Berkeley", "Univ Calif Agr & Nat Resources", "Korea Adv Inst Sci & Technol", "Tsinghua Univ", "Univ Calif San Francisco", "Univ Utah", "Chinese Univ Hong Kong", "Univ Paris East", "Free Univ Bolzano Bozen", "Carleton Univ", "Hong Kong Polytech Univ", "Cornell Tech", "Univ Queensland", "Carnegie Mellon Univ", "UNC Charlotte", "CISPA Helmholtz Ctr Informat Secur", "Natl Univ Singapore", "Univ Illinois", "Innovat & Supply Chain Pandem REPROGRAM Study Grp"]), 
("berlin", ["Charite"]), 
("birmingham", ["Univ Birmingham", "Southern Univ Sci & Technol", "Florida Atlantic Univ", "Syracuse Univ", "Univ Econ Ho Chi Minh City", "Swiss Fed Inst Technol"]), 
("bonn", ["Rheinische Friedrich Wilhelms Univ Bonn", "Familienunternehmer eV", "Univ Bonn", "Deutsch Zentrum Neurodegenerat Erkrankungen DZNE"]), 
("bostonc", ["Boston Coll"]), 
("bostonu", ["Boston Univ", "George Mason Univ", "Catholic Univ Louvain", "Bridgewater State Univ", "Univ Groningen", "Zayed Univ", "Northeastern Univ", "Changan Univ", "Univ Cent Florida"]), 
("boulder", ["Univ Colorado", "Univ Penn", "Univ Southern Calif", "Planetary Sci Inst"]), 
("brandeis", ["Brown Univ"]), 
("bristol", ["Univ Bristol", "Tech Univ Denmark"]), 
("brown", ["Brown Univ", "Microsoft Res", "IBM Res"]), 
("buenosAires", ["Univ Buenos Aires"]), 
("caltech", ["CALTECH"]), 
("cambridge", ["Cambridge Judge Business Sch", "Univ Cambridge Darwin Coll", "Univ Cambridge", "Natl Univ Modern Languages", "Univ Glasgow", "UCL", "Univ Pisa", "Queensland Univ Technol", "Cambridge Ctr Adv Res & Educ Singapore CARES", "Univ Edinburgh", "Imperial Coll", "Baskent Univ", "Univ Waterloo", "AUTh", "Biodivers Consultancy", "Northeast Normal Univ", "Aristotle Univ Thessaloniki", "Univ Auckland", "Swiss Acad Sci", "Swiss Fed Inst Technol", "Univ Econ Ho Chi Minh City", "PSL Res Univ", "European Humanities Univ"]), 
("caseWestern", ["Case Western Reserve Univ", "Ludwig Maximilians Univ Munchen", "Kent State Univ", "Univ Illinois"]), 
("chicago", ["Univ Chicago", "Columbia Business Sch", "CREST", "Univ North Dakota UND", "Cornell Univ", "Columbia Univ"]), 
("cityHK", ["City Univ Hong Kong", "Xi An Jiao Tong Univ", "Guangdong Univ Technol", "Southeast Univ", "Shenzhen Univ", "Tech Univ Denmark", "Wuhan Univ", "Jiangsu Univ Technol", "Sichuan Univ", "Chinese Acad Sci", "Syst Univ Denmark", "Peking Univ", "Monash Univ", "Hong Kong Univ Sci & Technol", "Univ Sci & Technol China", "East China Normal Univ", "Nanjing Agr"]), 
("clemson", ["Clemson Univ", "lemson Univ, Sch Math & Stat Sci, Clemson, SC USA; Clemson Univ, CORI, Clemson, SC US", "Weifang Univ Sci & Technol", "HKUST", "Shanghai Jiao Tong Univ"]), 
("cmu", ["Carnegie Mellon Univ", "Johns Hopkins Univ", "Friedrich Alexander Univ Erlangen Nurnberg", "Oklahoma State Univ", "CMU", "KTH Royal Inst Technol", "Microsoft Res", "Sun Yat Sen Univ", "Cornell Tech", "Southern Univ Sci & Technol", "Univ Pittsburgh", "Nanyang Technol Univ", "MIT", "Stanford Univ", "Univ Tennessee", "UMBC", "Shanghai Jiao Tong Univ"]), 
("columbia", ["Columbia Univ", "Perspecta Labs", "Google", "Guangzhou Univ", "Columbia Business Sch", "Beijing Inst Technol", "Southwestern Univ Finance & Econ", "Athens Univ Econ & Business", "Univ Zurich", "Cleveland Clin", "Telecom ParisTech", "Jiangsu Univ", "HEC Paris", "Cornell Univ", "Tel Aviv Univ", "Univ Copenhagen", "Univ Florida", "Natl Dong Hwa Univ", "Univ N Carolina", "Singapore Natl Eye Ctr"]), 
("cornell", ["Cornell Univ", "Thunder Res", "Cornell Law Sch", "Creighton Univ", "Imperial Coll London", "Simon Fraser Univ", "VMware Res", "HEC Paris", "Georgia State Univ", "PISA Res", "Univ Chinese Acad Sci", "Zhuhai Da Hengqin Sci & Technol Dev Co Ltd", "Colorado Ctr Reprod Med"]), 
("cuHK", ["Chinese Univ Hong Kong", "Hong Kong Monetary Author", "Shandong Univ", "Shanghai Jiao Tong Univ", "Fudan Univ", "Shenzhen Univ", "Hang Seng Univ Hong Kong", "Univ British Columbia", "Friedrich Alexander Univ Erlangen Nuremberg", "Xi An Jiao Tong Univ", "Hong Kong Polytech Univ", "Cent Univ Finance Econ", "Renmin Univ China", "Univ Cent Florida", "Harbin Inst Technol", "Telecom Paris", "Stanford Univ", "White Matrix Inc", "Florida State Univ", "Ind Technol Res Inst", "Univ Calif Berkeley", "Singapore Management Univ", "Univ Elect Sci & Technol China", "Univ Sydney", "Guangdong Univ Technol", "Chinese Univ Hong Kong Shenzhen", "Peking Univ"]), 
("dartmouth", ["Dartmouth Coll", "Univ Auckland", "Beihang Univ", "BDBC"]), 
("davis", ["Univ Calif Davis", "Xian Technol Univ", "Southeast Univ", "Netaji Subhas Univ Technol", "Chulalongkorn Univ", "Moka Blox LLC", "Fujian Normal Univ", "Soochow Univ", "Univ Tekn Malaysia Melaka"]), 
("delft", ["Delft Univ Technol", "FrieslandCampina", "Wuhan Univ", "Erasmus Univ", "Univ Agder", "Yokohama Natl Univ", "AgResearch", "LIUC Univ Carlo Cattaneo", "Indian Inst Technol Delhi", "Radboud Univ Nijmegen", "Lovely Profess Univ", "Qatar Univ", "Univ Amsterdam"]), 
("drexel", ["Fed Reserve Bank Philadelphia", "Int Management Inst"]), 
("duke", ["Duke Univ", "Cent South Univ", "Bayburt Univ", "Shahid Beheshti Univ", "TUNL", "Humboldt Univ", "World Wildlife Fund"]), 
("durham", ["Univ Durham", "Univ Edinburgh", "Univ Liechtenstein", "Heriot Watt Univ", "Univ Amsterdam", "Zeb Consulting", "Univ Quebec"]), 
("edinburgh", ["Univ Edinburgh", "Univ Athens", "Univ Aberdeen", "Univ Appl Sci", "PUC Chile", "IOHK", "Texas A&M Univ", "Northumbria Univ", "Univ Ioannina", "Univ Strathclyde", "Princeton Univ", "Univ Ruhuna", "Univ Bonn", "Univ Macau", "Nottingham Trent Univ", "Univ Maryland", "Jiangsu Univ", "Florida State Univ", "European Humanities Univ"]), 
("emory", ["Emory Univ", "Univ Elect Sci & Technol China", "Beihang Univ"]), 
("erasmus", ["Erasmus Univ", "Tax Res Ctr BDO Tilburg", "Maastricht Univ", "Trier Univ", "Fundacao Getulio Vargas", "Dutch Minist Justice & Secur", "NYU", "Univ Rotterdam", "Univ Trier"]), 
("florida", ["Univ Florida", "Nat Prod Inc", "Univ Auckland", "Mississippi State Univ", "Univ Cent Florida", "Univ Sci & Technol China", "Univ Buffalo SUNY", "Chinese Acad Sci", "Huazhong Univ Sci & Technol", "Beijing Univ Posts & Telecommun", "Univ Illinois", "Corp Operat Qual Management Food Safety Soc Prod", "Tsinghua Univ", "Western New England Univ"]), 
("fordham", ["Fordham Univ", "Univ Asia Pacific", "Univ Pacifico Lima", "Soonchunhyang Univ", "Hunan Univ Sci & Engn", "Univ Sci & Technol China", "Univ Liberal Arts Bangladesh", "Beihang Univ", "Florida State Univ"]), 
("freiburg", ["Univ Freiburg", "Hsch Offenburg", "FPT Univ", "Grid Singular GmbH", "Katholieke Univ Leuven"]), 
("fsu", ["Florida State Univ", "Univ Piraeus", "Villanova Univ", "Stevens Inst Technol", "Univ Cent Florida"]), 
("fudan", ["Fudan Univ", "Mercy Coll", "Shanghai Key Lab Intelligent Informat", "Univ Turku", "Univ Shanghai Sci & Technol", "China Pacific Insurance Grp Co Ltd", "China UnionPay Postdoctoral Res Stn", "Henan Key Lab Publ Opin Intelligent Anal", "Chinese Acad Sci", "Shanghai Normal Univ", "State Key Lab Math Engn & Adv Comp", "Hengyang Normal Univ", "Telecom ParisTech", "Anhui Univ", "East China Jiaotong Univ", "Australian Natl Univ", "Zhengzhou Univ Light Ind", "Nanyang Technol Univ", "Univ Macau", "Univ South China", "Zhejiang Univ Technol", "Univ Calif Santa Barbara", "Sichuan Univ", "Univ Exeter", "Tongji Univ"]), 
("geneva", ["Univ Geneva", "Univ Appl Sci & Arts Northwestern Switzerland", "Univ Basel", "Swiss Fed Inst Technol", "Ctr Res & Technol Hellas", "Lausanne Univ Hosp CHUV"]), 
("georgetown", ["Georgetown Univ", "Alan Turing Inst"]), 
("georgiaTech", ["Georgia Inst Technol", "Shanghai Jiao Tong Univ", "DA IICT", "Shenzhen Univ", "Univ Illinois", "Univ Quebec Chicoutimi", "Guangdong Univ Technol", "Natl Inst Environm Studies", "Chinese Acad Sci", "Calif State Univ Hayward", "Georgia State Univ", "Shijiazhuang Tiedao Univ", "Univ Arizona"]), 
("ghent", ["Univ Ghent", "Univ Leuven", "Tilburg Univ", "Univ Bath", "Peoples Friendship Univ Russia", "Trier Univ", "Syracuse Univ", "Univ Trento", "Univ Trier", "Tech Univ Denmark"]), 
("glasgow", ["Univ Glasgow", "Univ Edinburgh", "Univ Nottingham", "Univ Elect Sci & Technol China", "Beijing Univ Posts & Telecommun", "Curtin Univ Malaysia", "Hellen Telecommun Org SA OTE", "Rajasthan Tech Univ", "Wuhan Univ", "Chongqing Univ Posts & Telecommun", "Univ Bayreuth", "Northwestern Polytech Univ", "Malaviya Natl Inst Technol", "Xuzhou Univ Technol", "Stockholm Univ", "Chongqing Univ Posts & Telecommun China", "Univ Prince Mugrin"]), 
("groningen", ["Univ Groningen", "Univ Cyprus", "Nottingham Trent Univ", "Univ Duisburg Essen", "MICA"]), 
("gwu", ["George Washington Univ", "Beijing Normal Univ", "Univ Nicosia", "Sharif Univ Technol", "Bowling Green State Univ", "Univ Tennessee"]), 
("harvard", ["Harvard Univ", "Univ Complutense Madrid", "York Univ", "Massachusetts Gen Hosp", "Harvard Med Sch", "Ethereum Fdn", "Moscow State Inst Int Relat MGIMO", "Munich Business Sch", "Boston Univ", "MIT Media Lab", "Columbia Univ", "Cleveland Clin", "CERSA Ctr dEtud & Rech Sci Adm & Polit", "Michigan State Univ", "MGIMO Univ", "CNAM", "Ecole Polytech Fed Lausanne", "Imperial Coll London", "Modul Univ Vienna", "Univ Calif San Diego", "Colorado Ctr Reprod Med"]), 
("hebrewU", ["Hebrew Univ Jerusalem", "Technion", "HUJI", "Northwestern Univ", "Technion Israel Inst Technol", "VMware Res", "Univ Innsbruck"]), 
("helsinki", ["Univ Helsinki", "Aalto Univ", "Hong Kong Univ Sci & Technol", "Shahjalal Univ Sci & Technol", "HKUST"]), 
("hkPoly", ["Hong Kong Polytech Univ", "Beijing Univ Posts & Commun", "Hohai Univ", "Univ Aizu", "Guangzhou Univ", "Shandong Univ", "Sun Yat Sen Univ", "BNU HKBU United Int Coll", "City Univ Hong Kong", "Indian Inst Technol", "Tech Univ Denmark", "Guangdong Univ Finance", "Univ Elect Sci & Technol China", "Nanjing Univ Posts & Telecommun", "Xidian Univ", "Hong Kong Polytech Univ Hung Hom", "Beijing Univ Posts & Telecommun", "Monash Univ", "Hang Seng Univ Hong Kong", "Guangdong Univ Technol", "Zhejiang Univ", "SUNY Stony Brook", "Yantai Vocat Coll", "Beijing Inst Technol", "Shaanxi Normal Univ", "UESTC", "Nanjing Univ", "Univ Wollongong", "Futurewei Technol Inc", "Harbin Inst Technol", "Univ Liverpool", "Chinese Acad Sci", "Modul Univ Vienna", "East China Normal Univ", "Tianjin Univ", "Univ Elect Sci & Technol China UESTC", "Univ Sydney", "Qufu Normal Univ", "Univ Oslo"]), 
("hkuScienceTech", ["Hong Kong Univ Sci & Technol", "Univ Helsinki", "Wuhan Univ", "HKUST", "Lakala Grp", "Hong Kong Shue Yan Univ", "Xi An Jiao Tong Univ", "Dalian Univ Technol", "Tokyo Inst Technol", "Nanyang Technol Univ", "Educ Univ Hong Kong", "North China Elect Power Univ", "Natl Inst Environm Studies", "Peking Univ"]), 
("hongKong", ["Univ Hong Kong", "Jinan Univ", "Xidian Univ", "Guangdong Univ Technol", "Peking Univ", "Henan Normal Univ", "Univ Edinburgh", "Univ Nottingham", "Univ Luxembourg", "Shenzhen Univ", "Hong Kong Polytech Univ", "Ecole Management Normandie", "City Univ Hong Kong", "Univ Cent Florida", "Stanford Univ", "Auckland Univ Technol", "Ningbo Univ", "Calif State Univ Hayward", "VMware Res", "Chongqing Univ Posts & Telecommun", "Guangzhou Univ", "Nanyang Technol Univ", "PSL Res Univ"]), 
("hopkins", ["Johns Hopkins Univ", "Johns Hopkins Carey Business Sch", "Johns Hopkins Bloomberg Sch Publ Hlth", "Fudan Univ", "Johns Hopkins Appl Phys Lab", "Datalytica LLC", "City Univ Hong Kong", "Princeton Univ", "Univ Bath", "Dublin City Univ"]), 
("houston", ["Univ Houston", "Univ Houston Downtown", "Univ Houston Clear Lake", "Vanderbilt Univ", "Shahid Beheshti Univ Tehran", "Texas A&M Univ", "Korea Univ", "Washington State Univ", "Beijing Univ Posts & Telecommun", "Beijing Jiaotong Univ", "Kyung Hee Univ", "Univ Texas Rio Grande Valley", "FOM Univ Appl Sci", "Univ Sci & Technol Beijing USTB", "Northwestern Polytech Univ", "Nanyang Technol Univ", "Univ Texas Rio Grande Vally", "PHENIKAA Univ"]), 
("huBerlin", ["Humboldt Univ", "Weizenbaum Inst Networked Soc", "Natl Univ Singapore", "Univ Paris 09", "Univ Politecn Cataluna", "Charite Univ Med Berlin", "Charite", "Stockholm Univ", "Univ Chinese Acad Sci", "Karlsruher Inst Technol", "Bucharest Univ Econ Studies"]), 
("icahn", ["Icahn Sch Med Mt Sinai", "Univ Calif San Francisco", "Baylor Coll Med"]), 
("irvine", ["Univ Calif Irvine", "Ecole Polytech", "Aalborg Univ", "Kingston Univ", "Southwest Univ Sci & Technol", "Hunan Univ", "Univ Queensland"]), 
("kaist", ["Korea Adv Inst Sci & Technol", "Korea Adv Inst Sci & Technol KAIST", "Natl Taiwan Normal Univ", "Korean Adv Inst Sci & Technol KAIST", "Univ Oxford"]), 
("karolinska", ["Univ Politecn Madrid", "Tech Univ Denmark"]), 
("kingAbdulaziz", ["King Abdulaziz Univ", "Tech & Vocat Corp", "COMSATS Univ Islamabad CUI", "King Abdulaziz Univ KAU", "Babasaheb Bhimrao Ambedkar Univ", "Huazhong Univ Sci & Technol", "Shahjalal Univ Sci & Technol", "Univ Southampton", "Air Univ", "Taibah Univ", "Univ Teknol Malaysia", "Holy Spirit Univ Kaslik", "Birla Inst Technol & Sci", "Univ Sindh", "Cent Univ Ecuador", "Nirma Univ", "Integral Univ", "Chinese Acad Sci", "Allameh Tabatabai Univ", "Lebanese Amer Univ", "COMSATS Univ Islamabad", "Thapar Inst Engn & Technol", "Dongguk Univ", "BITS Pilani", "Montpellier Business Sch", "Univ Coll Dublin", "Amrita Vishwa Vidyapeetham", "Indira Gandhi Delhi Tech Univ Women", "Sikkim Univ", "Tennessee Technol Univ", "Chandigarh Univ", "Univ Lancaster", "Graph Era Deemed Univ", "Jaypee Inst Informat Technol", "Deakin Univ", "Sichuan Normal Univ", "Wuhan Univ", "Univ Politecn Catalunya UPC"]), 
("kings", ["Kings Coll London", "Aston Univ", "Univ Carlos III Madrid", "Cardiff Univ", "Univ Zurich UZH", "Tampere Univ", "Univ Illinois", "Tech Univ Kosice", "Univ Prince Mugrin", "Imperial Coll London", "Lviv Polytech Natl Univ", "Birmingham City Univ"]), 
("korea", ["Korea Univ", "Keimyung Univ", "Hallym Univ", "Korea Inst Sci & Technol Informat", "Int Inst Informat Technol Hyderabad", "Network Defines Inc", "Univ Hawaii Manoa", "Jeju Natl Univ", "Natl Univ Singapore", "Univ Cent Florida", "Graph Era Deemed Be Univ", "Univ Texas San Antonio", "Seoul Natl Univ Hosp", "Arkansas State Univ", "Univ Texas Rio Grande Vally", "Shenzhen Univ"]), 
("kyoto", ["Kyoto Univ", "Emory Univ", "Natl Inst Informat", "Sichuan Normal Univ", "Natl Inst Environm Studies"]), 
("lausanne", ["Ecole Polytech Fed Lausanne", "Univ Sydney", "Microsoft Res", "Univ Geneva", "HKUST", "Vrije Univ Brussel", "ETS", "IST Austria"]), 
("leeds", ["Univ Leeds", "Swiss Fed Inst Technol", "VSB Tech Univ Ostrava", "Natl Univ Def Technol", "Qassim Univ", "Univ Canberra", "Univ Southampton"]), 
("lehigh", ["Lehigh Univ", "Yonsei Univ", "Columbia Univ"]), 
("leiden", ["Leiden Univ", "CWI", "CERSA Ctr dEtud & Rech Sci Adm & Polit", "IMT Sch Adv Studies"]), 
("londonSE", ["London Sch Econ", "LSE", "UCL", "London Sch Econ & Polit Sci", "Univ Warwick", "Univ Arkansas", "Univ Pavia", "Univ Sydney", "Univ Edinburgh", "Imperial Coll London", "Georgia State Univ"]), 
("lund", ["Lund Univ", "Beihang Univ", "Innovat & Supply Chain Pandem REPROGRAM Study Grp", "Tech Univ Denmark"]), 
("malaya", ["Univ Malaya", "King Faisal Univ", "Innopolis Univ", "Univ Malaysia Pahang", "Mawlana Bhashani Sci & Technol Univ", "Szechenyi Istvan Univ", "Natl Univ Comp & Emerging Sci NUCES", "Air Univ Multan Campus", "Wenzhou Univ", "Univ Kebangsaan Malaysia"]), 
("manchester", ["Univ Manchester", "Univ Tunku Abdul Rahman UTAR", "Natl Res Univ Higher Sch Econ", "Univ Kentucky", "British Univ Dubai", "City Univ Hong Kong", "Manchester Metropolitan Univ", "Flov Technol", "Amer Univ Sharjah", "Univ Carlos III Madrid", "Renmin Univ China", "Copenhagen Business Sch", "Beijing Univ Posts & Telecommun", "Univ Southampton", "Katholieke Univ Leuven", "IIT"]), 
("maryland", ["Cornell Tech", "Univ Maryland", "Tech Univ Darmstadt", "Univ Oxford", "Univ Calif Berkeley", "Univ Autonoma Barcelona", "United Nat Environm Program", "Chinese Acad Sci", "Kansas State Univ"]), 
("mcgill", ["McGill Univ", "Shanghai Jiao Tong Univ", "Columbia Univ", "HEC Paris", "Univ Toulouse Capitole", "Chinese Univ Hong Kong", "Shantou Univ", "Leibniz Univ Hannover"]), 
("mcmaster", ["McMaster Univ", "York Univ", "Balsillie Sch Int Affairs", "William Paterson Univ", "CISPA Helmholtz Ctr Informat Secur", "Pontificia Univ Catolica Rio de Janeiro"]), 
("melbourne", ["Univ Melbourne", "Velrada Capital Pty Ltd", "Chris Barnard Hlth", "Charles Sturt Univ", "Univ Appl Sci Flensburg", "Beijing Univ Technol", "RMIT Univ", "Univ Verona", "Indian Inst Technol", "Indian Inst Technol Kharagpur", "Univ Birmingham", "Hangzhou Normal Univ", "City Univ Hong Kong", "Southern Univ Sci & Technol", "Beijing Univ Posts & Telecommun", "West Bengal Univ Technol", "IPAG Business Sch", "Univ Adelaide", "Newcastle Univ", "Natl Inst Environm Studies", "Tongji Univ"]), 
("michigan", ["Univ Michigan", "Univ Calif Berkeley", "Univ Cincinnati", "Bayburt Univ", "Louisiana State Univ", "Univ Florida", "United Nat Environm Program", "Univ Minnesota"]), 
("michiganState", ["Michigan State Univ", "Zhejiang Univ", "Tarleton State Univ", "Kansas State Univ", "Southwest Univ", "Nanjing Univ Informat Sci & Technol", "Natl Inst Technol Waraal"]), 
("minnesota", ["Univ Minnesota", "Jaypee Inst Informat Technol", "Univ Thessaly", "Tongji Univ"]), 
("mit", ["MIT", "MIT & Harvard", "Stanford CodeX Blockchain Grp", "Kratos Educ", "MIT Sloan Sch Management", "Tech Univ Munich", "Catholic Univ Louvain", "Univ Libre Bruxelles", "Microsoft Res", "Univ Texas Dallas", "Tel Aviv Univ", "London Sch Econ", "HUJI", "SUNY Stony Brook", "Brown Univ", "Boston Univ", "Bruno Kessler Fdn", "Lanzhou Univ", "MIT Media Lab", "King Saud Univ", "Purdue Univ", "Seoul Natl Univ", "IBM Res", "Univ Cent Florida", "Digiconomist", "Qbound", "ITMO Univ", "Carnegie Mellon Univ", "Univ Innsbruck", "Boston Coll", "Modul Univ Vienna", "Tongji Univ"]), 
("monash", ["Monash Univ", "Monash Univ Malaysia", "Sun Yat Sen Univ", "Shanghai Univ", "Shenzhen Univ", "Erasmus Univ", "Sunway Univ Malaysia", "Taif Univ", "Int Islamic Univ Malaysia", "City Univ Hong Kong", "Univ Melbourne", "Zhejiang Univ", "Hong Kong Polytech Univ", "Higher Coll Technol", "Shanghai Jiao Tong Univ", "Xiamen Univ Malaysia", "Modul Univ Vienna", "Univ Auckland", "Beihang Univ"]), 
("montreal", ["Univ Montreal", "Polytech Montreal", "Univ Moulay Ismail", "Beijing Inst Technol", "Moulay Ismail Univ", "Univ Fed Ceara", "GoSecure", "Moulay Ismail Univ Meknes", "Univ Neuchatel", "Islamic Azad Univ", "Michigan State Univ", "Victoria Univ", "Yeungnam Univ", "Univ Laval"]), 
("moscowState", ["Lomonosov Moscow State Univ", "Peoples Friendship Univ Russia RUDN", "Moscow MV Lomonosov State Univ", "Familienunternehmer eV", "Russian Acad Sci", "Plekhanov Russian Univ Econ", "Skolkovo Inst Sci & Technol", "Kazan Fed Univ", "Bitfury"]), 
("nagoya", ["NEC Corp Ltd"]), 
("nanyang", ["Nanyang Technol Univ", "Guangdong Univ Technol", "Southern Univ Sci & Technol", "RMIT Univ", "Univ Hong Kong", "Nantong Univ", "Cambridge Ctr Adv Res & Educ Singapore CARES", "Univ Tehran", "TUMCREATE", "Univ Technol HCMUT", "Lahore Univ Management Sci", "Zhejiang Univ", "US Combat Capabil Dev Command Army Res Lab DEVCOM", "Birla Inst Technol & Sci", "Singapore Inst Technol", "Univ Sussex", "Univ Rovira & Virgili", "Univ Elect Sci & Technol China", "Hong Kong Polytech Univ", "Hamad Bin Khalifa Univ", "Ho Chi Minh City Univ Technol", "Northeastern Univ", "Singapore Univ Social Sci SUSS", "Tianjin Univ", "Shanghai Jiao Tong Univ", "Univ Houston", "ASTAR", "Fujian Normal Univ", "Swiss Acad Sci", "Nanyang Technol Univ NTU", "Chinese Acad Sci", "PHENIKAA Univ", "Univ Illinois", "Heilongjiang Univ", "Shenzhen Univ"]), 
("national-taiwan", ["Natl Taiwan Univ", "Shenzhen Univ", "Acad Sinica", "Flowchain Fdn", "Natl Cent Univ", "Natl Ctr High Performance Comp NCHC", "Stanford Univ", "Yeungnam Univ", "Natl Taipei Univ Technol"]), 
("ncState", ["North Carolina State Univ", "IBM Res", "Ohio State Univ", "George Mason Univ", "Savitribai Phule Pune Univ", "Purdue Univ", "TUNL", "Univ Cent Florida", "Kansas State Univ"]), 
("newMexico", ["Univ New Mexico", "Univ Toronto", "Natl Tech Univ Athens", "Univ Int Business & Econ", "North Carolina State Univ", "Anderson Sch Management", "Univ Tulsa", "Georgia State Univ"]), 
("northeastern", ["Northeastern Univ", "Cornell Tech", "Imperial Coll London", "Boston Univ", "Istanbul Tech Univ", "Univ Autonoma Madrid", "Univ Bridgeport", "MIT", "Columbia Univ", "Univ Texas Austin", "Tel Aviv Univ", "Univ Minnesota"]), 
("northwestern", ["Northwestern Univ", "Northwestern Pritzker Sch Law", "Ctr Res & Technol Hellas", "Stanford Univ", "Beihang Univ", "Florida State Univ"]), 
("notreDame", ["Univ Notre Dame", "McMaster Univ", "NeoInnovate Collaborat Consortium"]), 
("nus", ["Natl Univ Singapore", "NUS", "Melbourne Polytech", "Jinan Univ", "Univ Glasgow", "SingHlth Polyclin", "Univ Johannesburg", "Wuhan Univ Technol", "Xi An Jiao Tong Univ", "European Univ Rome", "Beijing Inst Technol", "City Univ Hong Kong", "Nanyang Technol Univ", "Microsoft Res", "Sapienza Univ Rome", "Zhejiang Gongshang Univ", "Univ Queensland", "Aarhus Univ", "Univ Technol Sydney", "Jaypee Inst Informat Technol", "Shanghai Normal Univ", "JIIT", "Univ Chicago", "Singapore Management Univ", "Aalto Univ", "Singapore Univ Technol & Design", "Sun Yat Sen Univ", "Singapore Univ Social Sci SUSS", "Swiss Acad Sci", "Singapore Natl Eye Ctr"]), 
("nyu", ["NYU", "Universa Investments", "Stanford Univ", "Columbia Univ", "Tsinghua Univ", "Univ Macedonia", "City Univ Hong Kong", "IOHK", "Microsoft Res", "City Univ London", "Univ Calif Santa Barbara", "Univ Minnesota"]), 
("ohioState", ["Ohio State Univ", "Tallinn Univ", "Univ Texas Austin", "Chinese Acad Sci", "Purdue Univ", "Cornell Univ", "MIT", "EDHEC Business Sch", "Florida State Univ", "Univ North Texas"]), 
("osaka", ["Osaka Univ", "Ritsumeikan Univ", "Natl Inst Environm Studies"]), 
("oslo", ["Univ Oslo", "Sun Yat Sen Univ", "Ostfold Univ Coll", "East China Normal Univ", "Guangdong Univ Technol", "Univ Elect Sci & Technol China", "Northeastern Univ", "Beijing Inst Technol", "Oslo Metropolitan Univ", "North China Elect Power Univ", "Northwestern Polytech Univ", "Southeast Univ", "Shenzhen HTI Grp Co Ltd", "Xidian Univ", "Beijing Univ Posts & Telecommun", "Macau Univ Sci & Technol", "Oregon State Univ", "Hunan Univ", "Tech Univ Denmark"]), 
("oxford", ["Univ Oxford", "Univ British Columbia", "Harvard Univ", "Univ Manchester", "John Paul II Catholic Univ Lublin", "Shanghai Jiao Tong Univ", "Imperial Coll London", "Oxford Internet Inst", "George Mason Univ", "Abu Dhabi Univ", "Univ Athens", "Technion Israel Inst Technol", "IBM Res", "Univ Plymouth", "Sun Yat Sen Univ", "3D Control Syst Inc", "Univ Copenhagen", "Tel Aviv Univ", "North Carolina State Univ", "Sorbonne Paris Cite", "UCL", "Czech Tech Univ", "City Univ London"]), 
("peking", ["Peking Univ", "Themis Fdn", "Univ Nottingham Ningbo China", "Tsinghua Univ", "Zhengzhou Normal Univ", "Iqra Natl Univ", "Dongguan Univ Technol", "Dong Guan Univ Technol", "Univ Sussex", "Univ Nottingham", "Univ Sci & Technol Beijing", "Korea Adv Inst Sci & Technol KAIST", "Georgia Inst Technol", "SUNY Stony Brook", "Nanyang Technol Univ", "BDBC"]), 
("penn", ["Univ Penn", "Southern Methodist Univ", "Univ Luxembourg", "Princeton Univ", "Villanova Law Sch", "Fed Reserve Bank Philadelphia", "Univ Hong Kong", "Univ Pittsburgh", "Boston Coll", "Univ Minnesota"]), 
("pennState", ["Penn State Univ", "NIST", "Univ North Carolina Greensboro", "Natl Renewable Energy Lab", "Hong Kong Univ Sci & Technol", "Penn State Behrend", "Univ N Carolina", "SUNY Binghamton", "China Univ Petr", "UESTC", "Vellore Inst Technol", "KIET Grp Inst", "Chinese Acad Sci", "Kalasalingam Acad Res & Educ", "Purdue Univ", "Univ Elect Sci & Technol China UESTC", "East China Normal Univ", "Commun Univ China", "Nanchang Univ", "Fudan Univ", "Innovat & Supply Chain Pandem REPROGRAM Study Grp"]), 
("pepperdine", ["Calif State Univ Fullerton", "Pepperdine Univ"]), 
("pittsburgh", ["Univ Pittsburgh Bradford", "Univ Pittsburgh", "Beijing Jiaotong Univ", "Univ Calif Berkeley", "Univ Waterloo", "Oregon State Univ"]), 
("polytechnique-paris", ["Telecom ParisTech", "Saclay Univ", "Ecole Polytech", "ALIS Int", "Gemalto", "Nara Inst Sci & Technol", "Ecole Polytech Fed Lausanne", "Univ Sci & Arts Lebanon", "CREST", "Univ Paris Saclay", "Univ Autonoma Barcelona", "Telecom Paris", "Moulay Ismail Univ Meknes", "Univ San Francisco", "Univ Limerick", "Univ Manouba", "Inst Polytech Paris", "White Matrix Inc", "Easy Global Market", "Qatar Univ", "Inria", "Univ Tours", "Cnam", "Univ Sheffield", "Univ Paris VIII", "Univ North Texas"]), 
("princeton", ["Princeton Univ", "Cornell Univ", "KTH Royal Inst Technol", "Northeastern Univ", "Nanyang Technol Univ", "Xiamen Univ", "Univ Queensland", "Univ Tennessee", "Swiss Acad Sci", "Peking Univ"]), 
("purdue", ["Purdue Univ", "IIIT Hyderabad", "Beijing Univ Posts & Telecommun", "Microsoft Res", "Chulalongkorn Univ", "Univ Sydney", "Moka Blox LLC", "Xian Univ Posts & Telecommun", "East China Normal Univ", "Nanyang Technol Univ", "Wuhan Univ", "Univ Northern British Columbia", "Univ Wollongong", "Nanchang Univ", "Modul Univ Vienna"]), 
("queensland", ["Univ Queensland", "Australian Rd Res Board", "Malek Ashtar Univ Technol", "ConsenSys", "Netco Grp", "Univ Sydney", "Univ New Mexico", "ConsenSys AG", "Hebei Univ Engn", "STRD", "Univ Coll Dublin", "Amer Univ Middle East", "Nanjing Univ Aeronaut & Astronaut", "Indian Inst Technol", "UNSW", "World Wildlife Fund"]), 
("rensselaer", ["Rensselaer Polytech Inst", "Depaul Univ", "Fudan Univ"]), 
("rice", ["Duke Univ", "Univ Elect Sci & Technol China"]), 
("rmit", ["RMIT Univ", "LAST JD Eu", "Arkin Univ Creat Arts & Design", "Amer Int Univ Bangladesh", "Univ Kassel", "Zhejiang Normal Univ", "Univ Wollongong", "Curtin Univ", "Deakin Univ", "Univ Nevada", "Natl Cheng Kung Univ", "Univ Coll Dublin", "Univ Melbourne", "Higher Coll Technol", "Natl Econ Univ", "Murdoch Univ", "Univ Nevada Reno", "Royal Melbourne Inst Technol RMIT Univ", "Swinburne Univ Technol"]), 
("rochester", ["Univ Rochester", "Bordao Co", "China Pacific Insurance Grp Co Ltd", "Guangdong Univ Technol", "Nanyang Technol Univ"]), 
("ruprechtKarls", ["Heidelberg Univ", "Singapore Natl Eye Ctr"]), 
("rutgers", ["Rutgers State Univ", "MathCognify Technol Ltd", "Rutgers Business Sch Newark & New Brunswick", "Rutgers Business Sch", "Lukka Inc", "Duke Univ", "New Jersey Inst Technol", "Southwestern Univ Finance & Econ", "Lahore Univ Management Sci", "Beijing Jiaotong Univ"]), 
("saclay", ["Paris Saclay Univ", "Univ Paris Sud", "CWI", "Univ Paris Saclay", "CNAM", "VEDECOM Inst", "Paris Saclay", "CEA", "Univ Akron", "Peking Univ", "CNRS", "Tampere Univ", "CY Tech", "Tech Univ Darmstadt", "Devoteam R&D", "Univ Manouba", "Univ Tours", "Inria", "Univ Zurich", "Cnam", "Boston Coll", "INLECOM Innovat", "Univ Rennes", "IPAG Business Sch", "Univ El Manar", "Univ North Texas", "Tech Univ Denmark"]), 
("santaClara", ["Santa Clara Univ", "Shenzhen Univ"]), 
("seoulNational", ["Seoul Natl Univ", "Hazara Univ Mansehra", "Niigata Univ", "Singapore Management Univ", "Network Defines Inc", "Technol Innovat Grp", "Seoul Natl Univ Hosp", "SNU"]), 
("shanghaiJT", ["Shanghai Jiao Tong Univ", "SJTU", "Oxford Hainan Blockchain Res Inst", "State Grid Shanghai Econ Res Inst", "Shanghai Univ", "Natl Univ Def Technol", "Yangzhou Univ", "Shanghai Pudong Dev Bank", "Univ Shanghai Sci & Technol", "HuNan Univ", "Univ Macau", "Georgia Inst Technol", "Hangzhou Normal Univ", "State Grid Energy Res Inst Co Ltd", "East China Univ Sci & Technol", "Natl Inst Technol Raipur", "Zhejiang Univ", "Hunan Univ", "Fudan Univ", "Xiamen Univ", "Shanghai Univ Engn Sci", "Nanjing Agr Univ", "City Univ Hong Kong", "North China Elect Power Univ", "East China Normal Univ", "Xidian Univ", "Hong Kong Polytech Univ", "Yanshan Univ", "Nanyang Technol Univ", "Nanjing Univ Posts & Telecommun", "COMSATS Univ Islamabad CUI", "Beijing Jiaotong Univ", "SUNY Stony Brook", "ETH", "Univ South China", "Guangzhou Univ", "UMBC"]), 
("sheffield", ["Univ Sheffield", "Western Canada", "Chongqing Jiaotong Univ", "York Univ", "Graph Era Deemed Univ", "Univ Reading", "Refinitiv", "Dublin City Univ", "Cranfield Univ", "Cardiff Univ", "Sirma AI", "Univ Melbourne", "Xidian Univ", "Thapar Inst Engn & Technol", "Univ Zurich", "Univ Laval"]), 
("skku", ["Sungkyunkwan Univ", "SungKyunKwan Univ", "St Polten UAS", "Korea Adv Inst Sci & Technol", "Catholic Univ Pusan", "Korea Maritime & Ocean Univ", "Nanyang Technol Univ", "Univ New Brunswick", "Univ Sussex", "SUNY Stony Brook", "PHENIKAA Univ"]), 
("smith", ["Smith Coll", "Univ Massachusetts"]), 
("smu", ["Southern Methodist Univ", "IT Univ Copenhagen", "Univ Texas San Antonio"]), 
("sorbonne", ["Sorbonne Univ", "Univ Technol Compiegne", "CNRS", "Cnam", "Univ Rennes"]), 
("southampton", ["Univ Southampton", "Amer Univ", "Univ Koblenz Landau", "Nottingham Trent Univ", "Toyohashi Univ Technol", "Amer Univ Dubai", "Univ Sussex", "Heriot Watt Univ", "Soochow Univ", "Southwestern Univ Finance & Econ", "Huazhong Univ Sci & Technol", "Prince Sultan Univ", "Univ Edinburgh", "European Univ Inst", "Ctr Evaluat & Dev C4ED", "Univ Lincoln", "Dublin City Univ", "Indian Sch Mines", "Coventry Univ", "Univ Zurich"]), 
("stAndrews", ["Univ St Andrews", "Univ New South Wales", "Northumbria Univ"]), 
("stanford", ["Stanford Univ", "Max Planck Inst Res Collect Goods", "Cornell Univ", "SRI Int", "Univ Illinois", "Indian Inst Management", "Univ Michigan", "Shenzhen Univ", "NYU", "Univ Oxford", "Madrid Open Univ", "HEC Paris", "IBM Thomas J Watson Res Ctr", "UT Austin", "Baylor Coll Med", "Deutsch Zentrum Neurodegenerat Erkrankungen DZNE", "Tongji Univ"]), 
("stockholm", ["Stockholm Univ", "Beijing Univ Posts & Telecommun", "Univ Rostock", "Univ Chinese Acad Sci"]), 
("stonyBrook", ["SUNY Stony Brook", "United Arab Emirates Univ", "Hong Kong Polytech Univ", "Lucerne Univ Appl Sci & Arts", "Florida State Univ"]), 
("sunYatSen", ["Sun Yat Sen Univ", "Guangdong Univ Technol", "Univ Aizu", "Korea Univ", "Univ Oslo", "Guangzhou Univ", "Guangdong Univ Finance", "South China Normal Univ", "Macau Univ Sci & Technol", "Dalian Maritime Univ", "Beijing Univ Posts & Telecommun", "Jinan Univ", "Chinese Acad Sci", "South China Univ Technol", "BUPT", "Univ Technol Sydney", "Northeastern Univ", "Jiangnan Univ", "Singapore Natl Eye Ctr"]), 
("suny-b", ["SUNY Binghamton", "Univ Buffalo State Univ New York", "Air Force Sci Res", "US Air Force", "Binghamton Univ"]), 
("sunyBuffalo", ["SUNY Buffalo", "Univ Buffalo State Univ New York", "Univ New Mexico", "Zhengzhou Univ", "Korea Adv Inst Sci & Technol", "Western New England Univ", "Univ Buffalo SUNY", "Nanjing Univ Posts & Telecommun"]), 
("sydney", ["Univ Sydney", "Univ Athens", "Univ Malaya", "Cardiff Univ", "Univ New South Wales", "Macquarie Univ", "Northeastern Univ", "Huazhong Univ Sci & Technol", "Data61 CSIRO", "Univ Western Sydney", "Intl Comp Sci Inst", "UNSW", "Ecole Polytech", "Trinity Coll Dublin", "Univ Canberra", "Kyung Hee Univ", "QUT", "Univ Nevada", "Qingdao Univ", "Holy Spirit Univ Kaslik", "Dublin City Univ", "Univ Sheffield", "Univ Auckland", "Shenyang Aerosp Univ", "Univ Newcastle", "Thapar Inst Engn & Technol", "Jiangsu Ocean Univ", "Australian Catholic Univ", "Chinese Univ Hong Kong Shenzhen", "Univ Zurich", "Swiss Fed Inst Technol"]), 
("syracuse", ["Hong Kong Baptist Univ", "Hong Kong Polytech Univ", "Syracuse Univ", "Univ Pittsburgh", "North Carolina State Univ"]), 
("technicalDenmark", ["Tech Univ Denmark", "Tech Univ Berlin", "Cybercrypt AS", "Guangzhou Univ", "Univ Brescia", "Natl Taiwan Univ Sci & Technol", "Anglia Ruskin Univ", "Zhongshan Polytech", "Univ Petr & Energy Studies", "Mediterranean Univ Reggio Calabria", "Syst Univ Denmark", "Nanjing Univ Aeronaut & Astronaut", "Henan Vocat Coll Tuina", "Univ Coll Dublin", "Wuhan Univ", "City Univ Hong Kong", "Chonbuk Natl Univ", "Copenhagen Business Sch", "Univ Texas San Antonio", "Univ Exeter", "Univ Waterloo", "Peking Univ", "City Univ London", "Fdn Bruno Kessler"]), 
("technicalMunich", ["Tech Univ Munich", "Tech Univ Munchen TUM", "Oli Syst GmbH", "CERTH ITI", "BMW Grp", "Otto Friedrich Univ", "TUMCREATE", "Univ Innsbruck", "Digiconomist", "State Univ New York", "Hosp Univ Munich", "Univ Laval", "Deutsch Zentrum Neurodegenerat Erkrankungen DZNE"]), 
("technion", ["Technion", "Technion IIT", "Orbs", "Technion Univ", "Imperial Coll London", "Technion Israel Inst Technol"]), 
("temple", ["Temple Univ", "Univ Elect Sci & Technol China", "Xiamen Univ", "Xidian Univ", "Shaanxi Normal Univ", "Beijing Inst Technol", "Guangzhou Univ", "North China Elect Power Univ", "Harbin Engn Univ", "Univ Macau", "Univ Wollongong", "Xian Polytech Univ", "Wuyi Univ", "Univ Elect Sci & Technol China UESTC"]), 
("texasAM", ["Texas A&M Univ", "Cornell Tech", "Anhui Univ", "Aristotle Univ Thessaloniki", "Univ Calif Berkeley"]), 
("tohoku", ["Tokyo Univ Sci", "Tohoku Univ", "Xidian Univ"]), 
("tokyoTech", ["Tokyo Inst Technol", "NTT Secure Platform Labs", "Univ Western Australia", "Kogakuin Univ", "IT Univ Copenhagen", "Natl Inst Environm Studies", "Menoufia Univ", "Heilongjiang Univ"]), 
("toronto", ["Univ Toronto", "St Michaels Hosp", "Balsillie Sch Int Affairs", "MIT", "CNR", "Univ Waterloo", "Syracuse Univ", "Hong Kong Univ Sci & Technol", "Cairo Univ", "Ecole Technol Super", "Univ Adelaide", "Univ Laval"]), 
("tsinghua", ["Tsinghua Univ", "Minist Emergency Management", "Southwestern Univ Finance & Econ", "Tianjin Univ", "State Grid Qinghai Elect Power Co", "Norwegian Univ Sci & Technol NTNU", "Univ Sydney", "Univ Elect Sci & Technol China", "Shenzhen Univ", "Peking Univ", "Carnegie Mellon Univ", "Civil Aviat Univ China", "Tianjin Univ Commerce", "Wuhan Univ Technol", "Beijing Natl Res Ctr Informat Sci & Technol", "Natl Univ Def Technol", "Natl Univ Singapore", "Chinese Acad Sci", "Jilin Univ", "Shanghai Univ", "China Univ Petr East China", "Beijing Univ Posts & Telecommun", "Beijing Informat Sci & Technol Univ", "Beijing Inst Technol", "Univ Denver", "Commun Univ China", "Natl Quemoy Univ", "Sichuan Changhong Elect Co Ltd", "Shandong Univ", "Guizhou Univ", "Shandong Normal Univ", "Henan Agr Univ", "Monash Univ", "SyncHR Inc", "Xuzhou Univ Technol", "Manchester Metropolitan Univ", "Univ Chinese Acad Sci", "Hunan Univ", "Guangzhou Univ"]), 
("tubingen", ["Univ Tubingen", "Univ Western Australia", "Deutsch Zentrum Neurodegenerat Erkrankungen DZNE"]), 
("tufts", ["Tufts Univ"]), 
("tulane", ["Tulane Univ"]), 
("uConn", ["Univ Connecticut", "Univ Edinburgh", "Univ Int Business & Econ", "Univ Maryland"]), 
("uCopenhagen", ["Univ Copenhagen", "Norfeldt Consulting", "Maastricht Univ", "Univ Bologna", "Beihang Univ", "City Univ London", "Sorbonne Univ", "Jiangsu Univ", "Fdn Bruno Kessler", "Innovat & Supply Chain Pandem REPROGRAM Study Grp"]), 
("uGeorgia", ["Univ Georgia", "Univ S Florida", "Chinese Acad Sci"]), 
("uMass", ["Univ Massachusetts", "UMass Amherst", "Univ Massachusetts Amherst", "Univ Waterloo", "Umea Univ", "Florida Int Univ", "Guangzhou Univ"]), 
("uMiami", ["Georgia Inst Technol"]), 
("uScienceTechChina", ["Univ Sci & Technol China", "USTC", "Chinese Acad Sci", "Hong Kong Polytech Univ", "Sun Yat Sen Univ", "Lanzhou Univ", "Univ Chinese Acad Sci", "Anhui Univ", "Univ Elect Sci & Technol China", "Shenyang Aerosp Univ", "Fudan Univ", "Chinese Univ Hong Kong", "Tsinghua Univ", "Nanyang Technol Univ", "Shanghai Univ Int Business & Econ", "Sichuan Univ", "Chinese Univ Hong Kong Shenzhen"]), 
("uTokyo", ["Univ Tokyo", "Univ Warsaw", "Hitachi Ltd", "AIST", "IIT Madras", "Stockholm Univ", "Natl Inst Informat", "Tokyo Inst Technol", "Univ Calif San Diego", "Natl Inst Environm Studies"]), 
("uZurich", ["Univ Zurich", "Univ Zurich UZH", "Univ St Gallen", "Tech Univ Munich", "IMT Sch Adv Studies", "Univ Buenos Aires", "Ferdowsi Univ Mashhad", "Scuola Normale Super Pisa", "UCL", "Univ Elect Sci & Technol China", "Helsana Grp", "FOM Univ Appl Sci", "Keimyung Univ", "Zurich Univ Appl Sci ZHAW", "ETH", "Burdur Mehmet Akif Ersoy Univ", "Swiss Fed Inst Technol"]), 
("ubc", ["Univ British Columbia", "Lucerne Univ Appl Sci & Arts", "Torrens Univ Australia", "Univ Guelph", "Ryerson Univ", "Nanyang Technol Univ", "Beijing Univ Posts & Telecommun", "Univ Exeter", "Shanghai Maritime Univ", "BTS21", "Nanyang Technol Univ NTU", "Tianjin Univ", "Carnegie Mellon Univ", "Shenzhen Univ", "Chinese Acad Sci"]), 
("ucsc", ["Univ Calif Santa Cruz", "King Abdullah Univ Sci & Technol", "Univ Calif San Francisco"]), 
("uiChicago", ["IBM Res", "Univ Illinois"]), 
("unswSydney", ["Univ New South Wales", "UNSW Sydney", "Univ New South Wales Sydney", "Fdn Bruno Kessler", "Xilinx", "CSIRO", "UNSW", "SRM Inst Sci & Technol", "Univ Guilan", "Univ New South Wales UNSW", "UNSW Canberra", "Virtual Vehicle Res Ctr", "Univ Luxembourg", "Deakin Univ", "Macquarie Univ", "Univ Sunshine Coast", "Univ Nottingham Ningbo China", "Univ Technol", "China Univ Petr East China", "QUT", "Univ Oulu", "Vrije Univ Brussel", "Beijing Inst Technol", "Jamia Millia Islamia", "Beihang Univ", "Hamad Bin Khalifa Univ", "Univ Tartu", "Univ Sydney", "Sakarya Univ", "Swinburne Univ Technol", "IFRS", "CSIRO Data61", "Univ Melbourne", "Nanjing Univ Chinese Med", "Chinese Univ Hong Kong", "USI", "Weizenbaum Inst Networked Soc", "Data61 CSIRO", "Chinese Univ Hong Kong Shenzhen", "Innovat & Supply Chain Pandem REPROGRAM Study Grp"]), 
("uparis", ["Univ Paris Diderot", "CNRS", "Univ Paris", "Univ Copenhagen", "Univ MHamed Bougara", "Sorbonne Paris Cite", "Beijing Inst Technol"]), 
("uppsala", ["Sun Yat Sen Univ", "Uppsala Univ", "Copenhagen Business Sch", "Stockholm Univ", "Edith Cowan Univ"]), 
("usc", ["Univ Southern Calif", "Univ Sao Paulo", "Korea Univ", "Sharif Univ Technol", "New Wave Partners Inc", "Shanghai Univ", "Microsoft Res", "Natl Res Council IIT CNR"]), 
("utAustin", ["Univ Texas Austin", "Weizmann Inst Sci", "Shanghai Jiao Tong Univ", "Univ Illinois", "ENS", "Univ Queensland", "UT Austin", "Queen Mary Univ London", "Univ Sydney"]), 
("utrecht", ["Utrecht Univ UU", "Univ Utrecht", "Univ Seville", "Univ Melbourne", "Leiden Univ", "Univ Tartu", "Univ Rotterdam", "Humboldt Univ"]), 
("uva", ["Stanford Univ", "Liaoning Univ", "Univ Virginia", "Susquehanna Univ", "Kuwait Univ", "Microsoft Res", "MIT", "Univ Prince Mugrin", "UT Austin", "Chinese Acad Sci"]), 
("vanderbilt", ["Vanderbilt Univ", "Univ Vale Rio Sinos UNISINOS", "Georgetown Univ", "Alexandria Univ", "Univ Texas Dallas", "Belmont Univ", "Univ Texas El Paso", "Lovely Profess Univ", "Washington State Univ", "Univ Kalyani", "CIT Kokrajhar", "Jeonbuk Natl Univ", "NIT Patna"]), 
("villanova", ["Villanova Univ", "Univ Cambridge", "Villanova Law Sch", "Stevens Inst Technol"]), 
("virginiaTech", ["Virginia Tech", "Virginia Polytech Inst & State Univ", "Microsoft", "Univ Tennessee", "Kuwait Univ", "Kyung Hee Univ", "Old Dominion Univ", "Xidian Univ", "Zhejiang Univ Technol"]), 
("vuAmsterdam", ["Vrije Univ Amsterdam", "Univ Amsterdam", "Univ Ghent", "Vrije Univ", "De Nederlandsche Bank", "Univ Leeds", "Univ Twente", "Dutch Minist Justice & Secur", "Univ Rennes", "Korea Univ", "Tech Univ Denmark"]), 
("wageningen", ["Wageningen Univ & Res", "Wageningen Res", "Wageningen Food Safety Res", "Wageningen Univ", "Wageningen Econ Res", "Univ Milan"]), 
("wakeForest", ["Wake Forest Univ", "HEC Paris"]), 
("weizmann", ["Weizmann Inst Sci", "Northwestern Univ", "CISPA Helmholtz Ctr Informat Secur"]), 
("westernAus", ["Univ Western Australia", "UWA", "Chulalongkorn Univ", "NTNU", "GEIRI North Amer", "Indian Inst Technol IIT Kanpur", "Beijing Univ Posts & Telecommun", "West Bengal Univ Technol", "Indian Inst Technol Kharagpur", "Nanjing Univ Sci & Technol"]), 
("williamMary", ["William & Mary", "Natl Sun Yat Sen Univ"]), 
("wisconsin", ["Univ Wisconsin", "Nanjing Univ Informat Sci & Technol", "Qufu Normal Univ", "Indian Inst Management Bangalore"]), 
("worcester", ["Worcester Polytech Inst", "Univ Elect Sci & Technol China", "Univ Polytech Hauts De France", "Univ Sheffield", "Univ South Carolina", "Univ South Carolina Sumter", "Western New England Univ"]), 
("wustl", ["ECGI", "Virginia Polytech Inst & State Univ", "Washington Univ", "Univ Kentucky", "Univ Denver", "Chongqing Univ Posts & Telecommun"]), 
("yale", ["Yale Univ", "NYU", "Univ Chicago", "Univ Rochester", "Guangzhou Univ"]), 
("yonsei", ["Yonsei Univ", "Korean Nation Police Univ", "Korea Adv Inst Sci & Technol", "Woosong Univ", "Yeungnam Univ", "Gachon Univ", "Korea Adv Inst Sci & Technol KAIST", "Monash Univ Malaysia", "Inje Univ", "Univ Politecn Catalunya UPC"]), 
("zhejiang", ["Zhejiang Univ", "Zhejiang Lab", "CFETS Informat Technol Shanghai Co Ltd", "Zhejiang Gongshang Univ", "Old Dominion Univ", "Hunan Univ", "Univ Lancaster", "State Grid Qinghai Elect Power Co", "Shandong Univ", "Donghua Univ", "China Financial Futures Exchange", "Wageningen Food Safety Res", "City Univ Hong Kong", "State Grid Zhejiang Elect Power Corp", "Zhejiang Shuren Univ", "Beijing Univ Posts & Telecommun", "Natl Univ Singapore", "Univ Teknol Malaysia", "Univ Cent Florida", "State Grid Zhejiang Elect Power CO LTD", "Univ Bonn", "Chongqing Univ Posts & Telecommun", "SyncHR Inc", "Hohai Univ", "Univ Macau", "Hangzhou Normal Univ", "COMSATS Univ Islamabad CUI", "Zhejiang Univ Technol"]), 
]